id,question,answers,noise_rate,generation,correct,is_rejection,is_error_detected
0,When is the premiere of 'Carole King & James Taylor: Just Call Out My Name'?,"['January 2 2022', 'Jan 2, 2022', 'Jan. 2, 2022', 'January 2, 2022', '2 January 2022', '2 Jan, 2022', '2 Jan., 2022', '2 January, 2022']",0.2,"The premiere of 'Carole King & James Taylor: Just Call Out My Name' was on January 2, 2022, at 9:00pm ET/PT on CNN.",1,0,0
1,"The genre of the drama ""Good Sam"" is what?",['medical'],0.2,"The genre of the drama ""Good Sam"" is a medical drama.",1,0,0
2,Who won the 2022 Citrus Bowl?,['Kentucky'],0.2,"According to the documents, Kentucky won the 2022 Citrus Bowl against Iowa with a score of 20-17.",1,0,0
3,What position did Jason Semore hold at Valdosta State before returning to Georgia Tech?,['defensive coordinator'],0.2,"According to the documents, Jason Semore held the position of defensive coordinator at Valdosta State before returning to Georgia Tech.",1,0,0
4,How many vehicles did Tesla deliver in 2021?,"['936,172', '936172']",0.2,"According to the documents, Tesla delivered 936,172 vehicles in 2021.",1,0,0
5,Which company acquired ShowBiz Cinemas?,['EVO Entertainment Group'],0.2,Evo Entertainment Group acquired ShowBiz Cinemas.,1,0,0
6,Where is the Super Bowl held in 2022?,['SoFi Stadium'],0.2,"The Super Bowl in 2022, which was Super Bowl LVI, was held at SoFi Stadium in Inglewood, California.",1,0,0
7,When will Truth Social launch on iOS?,"['February 21', 'Feb 21', 'Feb. 21', '21 February', '21 Feb', '21 Feb.']",0.2,"According to the documents, Truth Social will launch on iOS on February 21st, 2022, which is Presidents Day in the US.",1,0,0
8,What won best drama at 79th Golden Globes?,['The Power of the Dog'],0.2,"""The Power of the Dog"" won Best Drama at the 79th Golden Globes.",1,0,0
9,How much are GA Tech softball 2022 season tickets?,['$100 per seat'],0.2,"According to the documents, Georgia Tech softball 2022 season tickets cost $100 per seat.",1,0,0
10,When does the 2022 Olympic Winter Games end?,"['February 20', 'Feb 20', 'Feb. 20', '20 February', '20 Feb', '20 Feb.']",0.2,"The 2022 Olympic Winter Games ended on February 20, 2022. This information can be found in Document 4, which states ""Competition began two days before the opening ceremony on 2 February, and ended on 20 February 2022.""",1,0,0
11,Who won the Spanish Super Cup 2022?,['Real Madrid'],0.2,"Based on the information provided in the documents, Real Madrid won the Spanish Super Cup 2022. This can be confirmed from multiple sources including Doc 1, Doc 2, Doc 3, and Doc 4, which all indicate that Real Madrid defeated Athletic Bilbao 2-0 in the final of the 2021–22 Supercopa de España.",1,0,0
12,How much is Microsoft acquiring Activision Blizzard for?,"['$68.7 billion', '$68.7bn']",0.2,Microsoft is acquiring Activision Blizzard for $68.7 billion in an all-cash deal.,1,0,0
13,What is the price for a 30-second spot during the Super Bowl 2022?,['$6.5 million'],0.2,"According to the documents, the price for a 30-second spot during the Super Bowl in 2022 was $6.5 million.",1,0,0
14,When is the Sports Star of the Year Awards Show 2022?,"['May 26', 'May 26', 'May. 26', '26 May', '26 May', '26 May.']",0.2,"The Sports Star of the Year Awards Show 2022 was hosted on May 26, 2022.",1,0,0
15,Who are the recipients of the 2022 Ivan Allen Jr. Prize for Social Courage?,"['Lawrence Williams', 'Ralph Long Jr.', 'Ford Greene', 'Ronald Yancey']",0.2,"The recipients of the 2022 Ivan Allen Jr. Prize for Social Courage are Ford Greene, Ralph Long Jr., Lawrence Williams, and Ronald Yancey. These individuals were Georgia Tech's first Black students and Ronald Yancey was also Tech's first Black graduate. They received the prize in recognition of their courageous efforts in proving that Black students had the right to study at Georgia Tech, which paved the way for many subsequent Black students.",1,0,0
16,What is the codename for Google's AR headset project?,['Project Iris'],0.2,The codename for Google's AR headset project is Project Iris.,1,0,0
17,What is the name of Meta's AI supercomputer?,"['RSC', 'the AI Research SuperCluster']",0.2,Meta's AI supercomputer is named AI Research SuperCluster (RSC).,1,0,0
18,When will American students start taking digital SAT exams?,['2024'],0.2,"According to the documents, American students will start taking digital SAT exams in the spring of 2024. Specifically, the first digital SAT test for U.S. students will be offered in the spring of 2024.",1,0,0
19,When do the Paralympic Winter Games 2022 start?,"['March 4', 'Mar 4', 'Mar. 4', '4 March', '4 Mar', '4 Mar.']",0.2,"The Paralympic Winter Games 2022 start on Friday, March 4, 2022.",1,0,0
20,Super Bowl 2022 date,"['February 13', 'Feb 13', 'Feb. 13', '13 February', '13 Feb', '13 Feb.']",0.2,"The Super Bowl 2022 date is Sunday, Feb. 13, 2022.",1,0,0
21,Who won the 2022 Nobel Prize for chemistry?,"['Carolyn R. Bertozzi', 'Morten Meldal', 'K. Barry Sharpless']",0.2,"The 2022 Nobel Prize in Chemistry was awarded to Carolyn R. Bertozzi, Morten Meldal, and K. Barry Sharpless for the development of click chemistry and bioorthogonal chemistry.",1,0,0
22,Who won the Super Bowl 2022?,['Los Angeles Rams'],0.2,"The Los Angeles Rams won the Super Bowl 2022, defeating the Cincinnati Bengals with a score of 23-20.",1,0,0
23,Who won women's 500m speed skating at the 2022 Winter Olympics?,['Erin Jackson'],0.2,Erin Jackson won the women's 500m speed skating event at the 2022 Winter Olympics.,1,0,0
24,When was Lost Ark game release on Steam?,"['February 11', 'Feb 11', 'Feb. 11', 'February 11', '11 February', '11 Feb', '11 Feb.', '11 February']",0.2,"According to the documents, Lost Ark was released on Steam on February 11, 2022. However, Founders Pack owners were able to play 3 days early on February 8, 2022.",1,0,0
25,What medals did Jessie Diggins win in the Beijing 2022 Olympic Games?,"['silver', 'Silver', 'bronze', 'Bronze']",0.2,"According to the documents, Jessie Diggins won a bronze medal in the women's individual cross-country sprint and a silver medal in the 30-kilometer freestyle race at the Beijing 2022 Olympic Games.",1,0,0
26,What is the genre of The Endgame (TV show)?,['crime'],0.2,The genre of The Endgame (TV show) is Crime drama · Thriller.,1,0,0
27,When did Russia invade Ukraine?,"['February 24', 'Feb 24', 'Feb. 24', '24 February', '24 Feb', '24 Feb.']",0.2,"Russia invaded Ukraine on February 24, 2022.",1,0,0
28,When was Elden Ring being released?,"['February 25', 'Feb 25', 'Feb. 25', '25 February', '25 Feb', '25 Feb.']",0.2,"Elden Ring was being released on February 25, 2022.",1,0,0
29,Who did Iga Swiatek defeat to win the Qatar Open 2022?,['Anett Kontaveit'],0.2,"According to the documents, Iga Swiatek defeated Anett Kontaveit to win the Qatar Open 2022. This is supported by multiple documents including Doc 1, Doc 3, and Doc 4.",1,0,0
30,Which country won the most medals at the 2022 Winter Olympics?,['Norway'],0.2,"According to the documents, Norway won the most medals at the 2022 Winter Olympics with a total of 37 medals.",1,0,0
31,Who won the Male Vocalist of the Year at the 2022 CMA ?,['Chris Stapleton'],0.2,Chris Stapleton won the Male Vocalist of the Year at the 2022 CMA Awards.,1,0,0
32,Who won the ACC Tournament in 2022?,['Virginia Tech'],0.2,"According to the documents, Virginia Tech won the 2022 ACC Tournament.",1,0,0
33,What chip does the iPhone 14 have?,['A15'],0.2,"The iPhone 14 has the A15 chip, which is the same chip found in the iPhone 13 Pro and the $429 iPhone SE from earlier this year.",1,0,0
34,When is Google I/O 2022 scheduled to take place?,"['May 11', '12']",0.2,"Based on the information provided in the documents, Google I/O 2022 was scheduled to take place on May 11 and 12, 2022.",1,0,0
35,who will direct Irredeemable film?,['Jeymes Samuel'],0.2,"According to the documents, Jeymes Samuel will direct the Irredeemable film.",1,0,0
36,What is the name of China's rover on Mars?,['Zhurong'],0.2,The name of China's rover on Mars is Zhurong.,1,0,0
37,Who is being honored with the 2022 Warrior Award?,['Shad Gaspard'],0.2,Shad Gaspard is being honored with the 2022 Warrior Award.,1,0,0
38,What is the weight of the Surface Laptop SE?,"['2.45', '1,112.4']",0.2,The weight of the Surface Laptop SE is 2.45 pounds.,1,0,0
39,Who stars in The Lost City?,"['Sandra Bullock', 'Channing Tatum']",0.2,"The stars in ""The Lost City"" include Sandra Bullock, Channing Tatum, and Daniel Radcliffe, as mentioned in multiple documents including Doc 1, Doc 3, and Doc 4.",1,0,0
40,What happened at the Academy Awards involving Will Smith and Chris Rock?,['slapped'],0.2,"During the 94th Academy Awards on March 27, 2022, Chris Rock was making a joke about Jada Pinkett Smith's shaved head during his introduction for the Best Documentary Feature category. Will Smith, reacting to the joke, walked onto the stage and slapped Chris Rock across the face. Following the incident, Smith returned to his seat and shouted profanity at Rock, who briefly responded but then continued with the presentation. Smith later won the Best Actor Oscar and made an acceptance speech where he apologized to the Academy and other nominees, though not directly to Rock. The following day, Smith issued a public apology to Rock and the Academy via social media. As a result of the incident, Smith resigned from the Academy and was banned from attending Academy events for 10 years.",1,0,0
41,When did Apple M2 chip?,"['June 6', 'Jun 6', 'Jun. 6', '6 June', '6 Jun', '6 Jun.']",0.2,"Apple unveiled the M2 chip at Apple's WWDC 2022 keynote on June 6, 2022.",1,0,0
42,What film won the 2022 Academy Award for Best Picture?,['CODA'],0.2,The film that won the 2022 Academy Award for Best Picture is CODA.,1,0,0
43,When will the 94th Academy Awards be held?,"['March 27', 'Mar 27', 'Mar. 27', '27 March', '27 Mar', '27 Mar.']",0.2,"The 94th Academy Awards will be held on Sunday, March 27, 2022.",1,0,0
44,When was A House Between the Earth and the Moon published?,"['March 29', 'Mar 29', 'Mar. 29', '29 March', '29 Mar', '29 Mar.']",0.2,"A House Between Earth and the Moon was published on March 29, 2022.",1,0,0
45,Which alnum won the Album of the Year GRAMMYs 2022,['We are'],0.2,"Jon Batiste's ""WE ARE"" won the Album of the Year GRAMMYs in 2022.",1,0,0
46,When is the final of the 2022 FIFA World Cup?,"['December 18', 'Dec 18', 'Dec. 18', '18 December', '18 Dec', '18 Dec.']",0.2,The final of the 2022 FIFA World Cup was played on 18 December 2022.,1,0,0
47,How many vehicles did Tesla deliver in the first quarter of 2022?,"['310,048']",0.2,"According to the documents, Tesla delivered 310,048 vehicles in the first quarter of 2022.",1,0,0
48,Who acquired Twitter?,['Elon Musk'],0.2,"Elon Musk acquired Twitter. This is evident from multiple documents, including Doc 2, Doc 3, Doc 4, and Doc 5, which state that Elon Musk completed the $44 billion acquisition of Twitter on October 27, 2022.",1,0,0
49,How much did Elon Musk bought Twitter?,['44 billion'],0.2,Elon Musk bought Twitter for $44 billion.,1,0,0
50,Who won the 2022 Masters Tournament?,['Scottie Scheffler'],0.2,Scottie Scheffler won the 2022 Masters Tournament.,1,0,0
51,Who won the women's singles Australian Open 2022?,['Ashleigh Barty'],0.2,"Ashleigh Barty won the women's singles Australian Open 2022. She defeated Danielle Collins in the final with a score of 6-3, 7-6(2).",1,0,0
52,Who won the women's singles Australian Open 2023?,['Aryna Sabalenka'],0.2,Aryna Sabalenka won the women's singles Australian Open 2023.,1,0,0
53,Who won the men's singles Australian Open 2022?,"['Rafael Nadal', 'Nadal']",0.2,"Rafael Nadal won the men's singles Australian Open 2022. The documents clearly state that Nadal defeated Daniil Medvedev in the final with a score of 2-6, 6-7(5), 6-4, 6-4, 7-5 to win his second Australian Open title and his 21st major singles title overall.",1,0,0
54,Who won the men's singles Australian Open 2023?,['Novak Djokovic'],0.2,Novak Djokovic won the men's singles Australian Open 2023.,1,0,0
55,Who won the women's singles French Open 2022?,['Iga Swiatek'],0.2,"According to the documents, Iga Swiatek won the women's singles French Open 2022. This information is supported by multiple documents including Doc 1, Doc 2, and Doc 5, which all mention Iga Swiatek's victory over Coco Gauff in the 2022 French Open women's final.",1,0,0
56,Who won the women's singles French Open 2023?,['Iga Swiatek'],0.2,"Iga Swiatek won the women's singles French Open 2023. She defeated Karolina Muchova in the final with a score of 6-2, 5-7, 6-4.",1,0,0
57,Who is the runner-up in the women's singles at the 2023 French Open?,['Karolina Muchova'],0.2,The runner-up in the women's singles at the 2023 French Open is Karolina Muchova.,1,0,0
58,Who won the men's singles French Open 2022?,"['Rafael Nadal', 'Nadal']",0.2,"According to the documents, Rafael Nadal won the men's singles French Open in 2022. This is supported by multiple documents, such as Doc 1 and Doc 4, which state that Rafael Nadal won his 22nd Grand Slam title and 14th French Open title in 2022.",1,0,0
59,Who won the men's singles French Open 2023?,['Novak Djokovic'],0.2,Novak Djokovic won the men's singles French Open 2023.,1,0,0
60,who the women's singles wimbledon 2022?,['Elena Rybakina'],0.2,The women's singles Wimbledon champion in 2022 was Elena Rybakina.,1,0,0
61,who the women's singles wimbledon 2023?,"['Marketa Vondrousova', 'Markéta Vondroušová']",0.2,The women's singles Wimbledon 2023 champion is Marketa Vondrousova.,1,0,0
62,Who won the men's singles wimbledon 2022?,['Novak Djokovic'],0.2,Novak Djokovic won the men's singles Wimbledon 2022 championship.,1,0,0
63,Who won the men's singles wimbledon 2023?,['Carlos Alcaraz'],0.2,Carlos Alcaraz won the men's singles Wimbledon 2023.,1,0,0
64,How many titles has Swiatek won in 2022 season?,"['eight', '8']",0.2,"According to the documents, Iga Świątek won eight titles in the 2022 season. This information is supported by multiple sources, including Doc 4 and Doc 5.",1,0,0
65,who the women's singles U.S. Open 2022?,['Iga Swiatek'],0.2,The women's singles U.S. Open 2022 was won by Iga Swiatek of Poland.,1,0,0
66,Who won the men's singles U.S. Open 2022?,['Carlos Alcaraz'],0.2,Carlos Alcaraz won the men's singles U.S. Open 2022.,1,0,0
67,Who is the new head coach of the Virginia Tech football team in 2022?,['Brent Pry'],0.2,"The new head coach of the Virginia Tech football team in 2022 is Brent Pry. This information is directly stated in multiple documents, including Doc 4 and Doc 5.",1,0,0
68,Where is Consensus 2022 taking place?,['Austin'],0.2,"Consensus 2022 is taking place in Austin, Texas.",1,0,0
69,When did the 148th Kentucky Derby take place?,"['May 7', 'May 7', 'May. 7', '7 May', '7 May', '7 May.']",0.2,"The 148th Kentucky Derby took place on Saturday, May 7, 2022.",1,0,0
70,What was Tesla's revenue in Q1 2022?,['18.76 billion'],0.2,"According to the documents, Tesla's revenue in Q1 2022 was $18.76 billion.",1,0,0
71,When will Splatoon 3 be released?,"['September 9', 'Sep 9', 'Sep. 9', '9 September', '9 Sep', '9 Sep.', 'Sept 9', 'Sept. 9', '9 Sept', '9 Sept.']",0.2,"Splatoon 3 was released on September 9, 2022.",1,0,0
72,Who acquired STX Entertainment?,['Najafi Companies'],0.2,"STX Entertainment was acquired by The Najafi Companies, a private-equity firm.",1,0,0
73,When did Orrin G. Hatch pass away?,"['April 23 2022', 'Apr 23, 2022', 'Apr. 23, 2022', 'April 23, 2022', '23 April 2022', '23 Apr, 2022', '23 Apr., 2022', '23 April, 2022']",0.2,"Orrin G. Hatch passed away on April 23, 2022.",1,0,0
74,Who was the new CEO of CNN?,['Chris Licht'],0.2,"The new CEO of CNN was Chris Licht, who was named CNN's new chief executive on February 28.",1,0,0
75,Who won the French Presidential Election 2022?,['Emmanuel Macron'],0.2,"Emmanuel Macron won the French Presidential Election 2022. He beat Marine Le Pen in the presidential runoff and will serve another term as president of France, winning 58.6% of the votes according to the documents.",1,0,0
76,What is the megapixel in main camera on the iPhone 14 Pro?,['48'],0.2,The main camera on the iPhone 14 Pro has a 48-megapixel sensor.,1,0,0
77,How much does it cost to rent a tool kit for Apple device repairs?,['49'],0.2,The cost to rent a tool kit for Apple device repairs is $49.,1,0,0
78,Where will the 2022 Met Gala take place?,['Metropolitan Museum of Art'],0.2,"The 2022 Met Gala will take place at the Metropolitan Museum of Art in New York City, specifically in the American Wing period rooms that showcase American architecture and furnishings spanning from the 17th to 20th centuries.",1,0,0
79,Who won the Champions League in the 2022-2023 season?,['Manchester City'],0.2,Manchester City won the Champions League in the 2022-2023 season.,1,0,0
80,Which teams are playing in the 2021-22 NBA Finals?,"['Golden State Warriors', 'Boston Celtics']",0.2,The 2021-22 NBA Finals were played between the Golden State Warriors and the Boston Celtics.,1,0,0
81,What is the prize money for the Squid Game-inspired reality competition?,['4.56 million'],0.2,The prize money for the Squid Game-inspired reality competition is $4.56 million.,1,0,0
82,When was Overwatch 2 released?,"['October 4 2022', 'Oct 4, 2022', 'Oct. 4, 2022', 'October 4, 2022', '4 October 2022', '4 Oct, 2022', '4 Oct., 2022', '4 October, 2022']",0.2,"Overwatch 2 was released on October 4, 2022.",1,0,0
83,Who won the 2022 Tour de France?,['Jonas Vingegaard'],0.2,"According to the documents, Jonas Vingegaard won the 2022 Tour de France.",1,0,0
84,How much was Apple's revenue in Q3? 2022,"['83 billion', '83.0 billion']",0.2,Apple's revenue in Q3 2022 was $83.0 billion.,1,0,0
85,Who won the 2022 Atlanta Open?,['Alex de Minaur'],0.2,Alex de Minaur won the 2022 Atlanta Open.,1,0,0
86,What was the revenue of AWS in Q2 2022?,['19.7 billion'],0.2,The revenue of AWS in Q2 2022 was $19.7 billion.,1,0,0
87,when was xenoblade chronicles 3 released?,"['July 29', 'Jul 29', 'Jul. 29', '29 July', '29 Jul', '29 Jul.']",0.2,"Xenoblade Chronicles 3 was released on July 29, 2022. This release date was announced and confirmed across multiple documents provided.",1,0,0
88,"What is the name of the horse in the movie ""Nope""?",['Ghost'],0.2,"The name of the horse in the movie ""Nope"" is Ghost.",1,0,0
89,When did Neal Lemlein pass away?,"['July 22 2022', 'Jul 22, 2022', 'Jul. 22, 2022', 'July 22, 2022', '22 July 2022', '22 Jul, 2022', '22 Jul., 2022', '22 July, 2022']",0.2,"Neal Lemlein passed away on July 22, 2022, in Aurora, Colorado.",1,0,0
90,Who is the lead actor in the film Carter?,['Joo Won'],0.2,"The lead actor in the film Carter is Joo Won, who plays the character of Carter Lee, later revealed as also going by the name Michael Bane.",1,0,0
91,When was BlenderBot 3 released?,"['August 5', 'Aug 5', 'Aug. 5', '5 August', '5 Aug', '5 Aug.']",0.2,"BlenderBot 3 was released on August 5, 2022.",1,0,0
92,which company invented BlenderBot 3?,['Meta'],0.2,"Meta invented BlenderBot 3. This can be inferred from multiple documents, including Doc 1, Doc 2, and Doc 5, which all mention that BlenderBot 3 was created by Meta's AI research labs.",1,0,0
93,When was ChatGPT released?,"['November 30 2022', 'Nov 30, 2022', 'Nov. 30, 2022', 'November 30, 2022', '30 November 2022', '30 Nov, 2022', '30 Nov., 2022', '30 November, 2022']",0.2,"ChatGPT was released for public use on November 30, 2022.",1,0,0
94,When was GPT4 released?,"['March 14 2023', 'Mar 14, 2023', 'Mar. 14, 2023', 'March 14, 2023', '14 March 2023', '14 Mar, 2023', '14 Mar., 2023', '14 March, 2023']",0.2,"GPT-4 was released on March 14, 2023.",1,0,0
95,How much did Amazon agree to pay to acquire iRobot?,['1.7 billion'],0.2,Amazon agreed to pay approximately $1.7 billion to acquire iRobot. This amount includes iRobot's net debt and was settled at $61 per share in an all-cash transaction.,1,0,0
96,What is the location of the Major League Baseball Field of Dreams Game 2022?,"['Dyersville, Iowa']",0.2,"The location of the Major League Baseball Field of Dreams Game 2022 is in Dyersville, Iowa. Specifically, it will be held at the Field of Dreams ballpark in Dyersville, Iowa.",1,0,0
97,When did Microsoft release Windows 11 22H2?,"['September 20', 'Sep 20', 'Sep. 20', '20 September', '20 Sep', '20 Sep.', 'Sept 20', 'Sept. 20', '20 Sept', '20 Sept.']",0.2,"Microsoft released Windows 11 22H2 on September 20, 2022.",1,0,0
98,When did AMD unveil Ryzen 7000 processors?,"['August 29', 'Aug 29', 'Aug. 29', '29 August', '29 Aug', '29 Aug.']",0.2,AMD unveiled the Ryzen 7000 processors during a YouTube livestream on August 29th at 7PM ET (23:00 UTC).,1,0,0
99,Who won the U.S. all-around title at the U.S. Gymnastics Nationals 2022?,['Konnor McClain'],0.2,"According to the documents, Konnor McClain won the U.S. all-around title at the 2022 U.S. Gymnastics Championships. This information is consistent across multiple documents, including Doc 1, Doc 2, Doc 3, and Doc 4.",1,0,0
100,What is the new price of Tesla's Full-Self Driving (FSD) software?,"['$15,000']",0.2,"The new price of Tesla's Full-Self Driving (FSD) software is $15,000. This information is directly stated in multiple documents, including Doc 1, Doc 3, and Doc 5.",1,0,0
101,What is the date of the premiere of House of the Dragon?,"['August 21', 'Aug 21', 'Aug. 21', '21 August', '21 Aug', '21 Aug.']",0.2,"The premiere date of House of the Dragon is August 21, 2022.",1,0,0
102,When is the release date for Sony's PlayStation VR2 headset?,"['February 22', 'Feb 22', 'Feb. 22', '22 February', '22 Feb', '22 Feb.']",0.2,"The release date for Sony's PlayStation VR2 headset is February 22, 2023.",1,0,0
103,What is the new venture launched by Tiger Woods and Rory McIlroy?,['TMRW Sports'],0.2,"The new venture launched by Tiger Woods and Rory McIlroy is called TMRW Sports, which is focused on technology and developing ""progressive approaches to sports, media, and entertainment"" according to the documents.",1,0,0
104,Which company recently acquired Super.tech?,['ColdQuanta'],0.2,ColdQuanta recently acquired Super.tech.,1,0,0
105,Who is the Heisman Trophy winner in 2022?,['Caleb Williams'],0.2,The Heisman Trophy winner in 2022 is Caleb Williams from the USC Trojans.,1,0,0
106,When does The Amazing Race Season 34 premiere?,"['September 21', 'Sep 21', 'Sep. 21', '21 September', '21 Sep', '21 Sep.', 'Sept 21', 'Sept. 21', '21 Sept', '21 Sept.']",0.2,"The Amazing Race Season 34 premiered on September 21, 2022, at 10 p.m. Eastern on CBS.",1,0,0
107,Who is the chairman of Toulouse and under whose ownership are they currently?,['Damien Comolli'],0.2,"The chairman of Toulouse Football Club is Damien Comolli. They are currently under the ownership of RedBird Capital Partners, an American investment fund, which acquired an 85% majority stake in the club.",1,0,0
108,When will the TGL (Tech-Infused Golf League) season start?,"['January 2024', 'Jan 2024', 'Jan. 2024', 'January, 2024', 'Jan, 2024', 'Jan., 2024']",0.2,The TGL (Tech-Infused Golf League) season is scheduled to start in January 2024.,1,0,0
109,Who is the director of BioShock movie?,['Francis Lawrence'],0.2,The director of the BioShock movie is Francis Lawrence.,1,0,0
110,What is the premiere date of New Amsterdam Season 5?,"['September 20', 'Sep 20', 'Sep. 20', '20 September', '20 Sep', '20 Sep.', 'Sept 20', 'Sept. 20', '20 Sept', '20 Sept.']",0.2,"The premiere date of New Amsterdam Season 5 is September 20, 2022.",1,0,0
111,Who won the World Cup Final in 2022?,['Argentina'],0.2,"According to the documents, Argentina won the World Cup Final in 2022. The documents describe how Argentina defeated France in a penalty shootout after the match ended 3-3, securing their third World Cup title and first since 1986.",1,0,0
112,Who is the chief meteorologist for KPLR-TV?,['John Fuller'],0.2,The chief meteorologist for KPLR-TV is John Fuller.,1,0,0
113,Who is the new head of development at Riff Raff Entertainment?,['Katie Sinclair'],0.2,The new head of development at Riff Raff Entertainment is Katie Sinclair.,1,0,0
114,How much money did Texas Tech pay Marlene Stollings in the settlement?,"['740,000', '740K']",0.2,"According to the documents, Texas Tech paid Marlene Stollings $740,000 in the settlement. This amount includes $300,000 for alleged compensatory damages, $300,000 for attorneys' fees and expenses, and an additional $140,666.00 for back wages.",1,0,0
115,Who acquired a stake in FromSoftware?,"['Sony', 'Tencent']",0.2,"Sony and Tencent acquired a stake in FromSoftware. Specifically, Sony Interactive Entertainment holds 14.09 percent of FromSoftware’s shares, while Sixjoy Hong Kong Limited (a subsidiary of Tencent) owns 16.25 percent, bringing the collective stake to 30.34 percent.",1,0,0
116,Who is the new Coach for The Voice Season 22?,['Camila Cabello'],0.2,The new Coach for The Voice Season 22 is Camila Cabello.,1,0,0
117,What was the unemployment rate in August 2022 in U.S.?,"['3.7%', '3.7 percent']",0.2,"The unemployment rate in the U.S. in August 2022 was 3.7%, according to the documents provided. This figure is presented both as not seasonally adjusted (3.8%) and seasonally adjusted (3.7%).",1,0,0
118,Who did Serena Williams lose to in her last match at the U.S. Open?,['Ajla Tomljanovic'],0.2,"Serena Williams lost to Ajla Tomljanovic in her last match at the U.S. Open. This information can be found in multiple documents, including Doc 1, Doc 3, and Doc 4.",1,0,0
119,How many people were injured in the shuttle van accident on Palisades Interstate Parkway?,"['Eight', '8']",0.2,"According to the documents, eight people were injured in the shuttle van accident on the Palisades Interstate Parkway.",1,0,0
120,Who is the head coach of Virginia Tech football?,['Brent Pry'],0.2,The head coach of Virginia Tech football is Brent Pry.,1,0,0
121,How did Tanya Pardazi die?,"['sky diving accident', 'skydiving accident']",0.2,"Tanya Pardazi died in a skydiving accident. Specifically, it was her first solo dive after completing a skydiving course with Skydive Toronto. The accident occurred on August 27, 2022. According to Skydive Toronto, the skydiver released a quickly rotating main parachute at a low altitude without the time/altitude required for the reserve parachute to inflate. This led to her fatal injuries.",1,0,0
122,Who was named interim coach for Nebraska's 2022 season?,['Mickey Joseph'],0.2,Mickey Joseph was named interim coach for Nebraska's 2022 season after Scott Frost's firing.,1,0,0
123,What is the release date of Jackie Evancho's album Carousel of Time?,"['September 9', 'Sep 9', 'Sep. 9', '9 September', '9 Sep', '9 Sep.', 'Sept 9', 'Sept. 9', '9 Sept', '9 Sept.']",0.2,"The release date of Jackie Evancho's album Carousel of Time is September 9, 2022.",1,0,0
124,Which companies are part of MATANA?,"['Microsoft', 'Apple', 'Tesla', 'Alphabet', 'Nvidia', 'Amazon']",0.2,"The companies part of MATANA are Microsoft Corporation (NASDAQ: MSFT), Apple Inc (NASDAQ: AAPL), Tesla Inc (NASDAQ: TSLA), Alphabet Inc (NASDAQ: GOOGL), Nvidia Corp (NASDAQ: NVDA), and Amazon.com Inc (NASDAQ: AMZN).",1,0,0
125,Which animated series won the Emmy Award for Best Animated Program?,['Arcane'],0.2,"The animated series Arcane won the Emmy Award for Best Animated Program. This series, based on Riot Games' League of Legends, became the first streaming series to win in that category.",1,0,0
126,How many teams will be included in the expanded College Football Playoff?,['12'],0.2,The expanded College Football Playoff will include 12 teams.,1,0,0
127,Which team will host nation Qatar play against in the opening match of the 2022 World Cup?,['Ecuador'],0.2,"According to the documents, the host nation Qatar played against Ecuador in the opening match of the 2022 World Cup.",1,0,0
128,Where did Leonard Francis escape from?,['San Diego'],0.2,Leonard Francis escaped from his home in the Torrey Highlands community of San Diego where he was under house arrest.,1,0,0
129,When does the 2022 NFL Football Season begin?,"['September 8', 'Sep 8', 'Sep. 8', '8 September', '8 Sep', '8 Sep.', 'Sept 8', 'Sept. 8', '8 Sept', '8 Sept.']",0.2,"The 2022 NFL season begins on September 8, 2022.",1,0,0
130,When did Meta Connect take place?,"['October 11', 'Oct 11', 'Oct. 11', '11 October', '11 Oct', '11 Oct.']",0.2,Meta Connect took place on October 11.,1,0,0
131,How much is the fine that Meta is facing for failing to safeguard children's information on Instagram?,['405 million euros'],0.2,"Meta is facing a fine of 405 million euros, or just over $400 million, for failing to safeguard children's information on Instagram.",1,0,0
132,When was Gotham Knights released?,"['October 21', 'Oct 21', 'Oct. 21', '21 October', '21 Oct', '21 Oct.']",0.2,"Gotham Knights was released on October 21, 2022.",1,0,0
133,How did Bernard Shaw die?,['pneumonia'],0.2,Bernard Shaw died from pneumonia that was unrelated to COVID-19.,1,0,0
134,When did Queen Elizabeth II die?,"['September 8', 'Sep 8', 'Sep. 8', '8 September', '8 Sep', '8 Sep.', 'Sept 8', 'Sept. 8', '8 Sept', '8 Sept.']",0.2,"Queen Elizabeth II died on September 8, 2022, at 15:10 BST (3:10 PM UK time) at Balmoral Castle in Ballater, Scotland.",1,0,0
135,Where did Queen Elizabeth II die?,['Balmoral'],0.2,"Queen Elizabeth II died at Balmoral Castle, her estate in the Scottish Highlands.",1,0,0
136,who did Alcaraz beat in U.S. Open 2022 Men's Semifinals?,['Frances Tiafoe'],0.2,"According to the documents, Carlos Alcaraz beat Frances Tiafoe in the U.S. Open 2022 Men's Semifinals.",1,0,0
137,when did king charles iii get crowned?,"['May 6 2023', 'May 6, 2023', 'May. 6, 2023', 'May 6, 2023', '6 May 2023', '6 May, 2023', '6 May., 2023', '6 May, 2023']",0.2,"King Charles III was crowned on May 6, 2023.",1,0,0
138,"What is Trace Adkins' role in ""Monarch""?",['Albie Roman'],0.2,"Trace Adkins' role in ""Monarch"" is Albie Roman, described as the ""Texas Truthteller, reigning King of Country Music.""",1,0,0
139,When does the iPhone 14 Plus release?,"['October 7', 'Oct 7', 'Oct. 7', 'October 7', '7 October', '7 Oct', '7 Oct.', '7 October']",0.2,"The iPhone 14 Plus was made available on October 7, 2022.",1,0,0
140,Who stars as Susie Wallis in Susie Searches?,['Kiersey Clemons'],0.2,Kiersey Clemons stars as Susie Wallis in Susie Searches.,1,0,0
141,What is the new product at Chick-fil-A in fall 2022?,['Autumn Spice Milkshake'],0.2,"The new product at Chick-fil-A in fall 2022 is the Autumn Spice Milkshake. This milkshake was introduced on September 12, 2022, and features a cinnamon flavor with crunchy bits of brown sugar. Additionally, the Grilled Spicy Deluxe Sandwich is making a return as part of the fall menu offerings.",1,0,0
142,Which team will Kyle Busch join in 2023?,['Richard Childress Racing'],0.2,"According to the documents, Kyle Busch will join Richard Childress Racing (RCR) in 2023.",1,0,0
143,What is men's year-end No 1 in tennis in 2022?,['Carlos Alcaraz'],0.2,"In 2022, Carlos Alcaraz became the youngest year-end No. 1 in men's tennis. According to the documents, Alcaraz, at the age of 19 years and 214 days, surpassed the previous record held by Lleyton Hewitt and became the first teenager to achieve this feat.",1,0,0
144,Who was playing Lex Luthor in Titans?,['Titus Welliver'],0.2,Titus Welliver was playing Lex Luthor in the fourth season of Titans.,1,0,0
145,What is Columbia University's QS ranking in 2023?,['22'],0.2,"According to the documents, Columbia University's QS ranking in 2023 was 22nd.",1,0,0
146,Who was the first Asian man to win Lead Actor in a Drama Series?,['Lee Jung-jae'],0.2,Lee Jung-jae was the first Asian man to win Lead Actor in a Drama Series for his role in Squid Game.,1,0,0
147,How much did Google acquire Mandiant for?,['5.4 billion'],0.2,Google acquired Mandiant for $5.4 billion.,1,0,0
148,What was the inflation rate in the U.S. in August 2022?,['8.3%'],0.2,"The inflation rate in the U.S. in August 2022 was 8.3% on an annualized basis, according to the Bureau of Labor Statistics as reported in the documents.",1,0,0
149,Who is receiving the 39th Walter Cronkite Award for Excellence in Journalism?,['Gayle King'],0.2,Gayle King is receiving the 39th Walter Cronkite Award for Excellence in Journalism.,1,0,0
150,What is the name of the sequel to The Legend of Zelda: Breath of the Wild?,['Tears of the Kingdom'],0.2,The name of the sequel to The Legend of Zelda: Breath of the Wild is The Legend of Zelda: Tears of the Kingdom.,1,0,0
151,when was The Legend of Zelda: Tears of the Kingdom released?,"['May 12 2023', 'May 12, 2023', 'May. 12, 2023', 'May 12, 2023', '12 May 2023', '12 May, 2023', '12 May., 2023', '12 May, 2023']",0.2,"The Legend of Zelda: Tears of the Kingdom was released on May 12, 2023.",1,0,0
152,When was Hocus Pocus 2 released on Disney+?,"['September 30', 'Sep 30', 'Sep. 30', '30 September', '30 Sep', '30 Sep.', 'Sept 30', 'Sept. 30', '30 Sept', '30 Sept.']",0.2,"Hocus Pocus 2 was released on Disney+ on September 30, 2022.",1,0,0
153,When is ACL 2023 taking place?,"['July 9', 'Jul 9', 'Jul. 9', '9 July', '9 Jul', '9 Jul.']",0.2,"ACL 2023 is taking place from July 9th to July 14th, 2023, in Toronto, Canada.",1,0,0
154,Where is ACL 2023 taking place?,['Toronto'],0.2,"ACL 2023 is taking place in the Westin Harbour Castle in Toronto, Canada. The address is 1 Harbour Square, Toronto, ON M5J 1A6, Canada.",1,0,0
155,When is EMNLP 2023 taking place?,"['December 6', 'Dec 6', 'Dec. 6', '6 December', '6 Dec', '6 Dec.']",0.2,"EMNLP 2023 is taking place from December 6th to December 10th, 2023, in Singapore.",1,0,0
156,Where is EMNLP 2023 taking place?,['Singapore'],0.2,EMNLP 2023 is taking place in Singapore.,1,0,0
157,What is the starting price for Virginia Tech 2023 football season tickets?,['$350'],0.2,"The starting price for Virginia Tech 2023 football season tickets is $350 per ticket. This information can be found in multiple documents provided, such as Doc 1 and Doc 4.",1,0,0
158,What is the date of the Wine OFF the Fox benefit concert?,"['October 22', 'Oct 22', 'Oct. 22', '22 October', '22 Oct', '22 Oct.']",0.2,"The date of the Wine OFF the Fox benefit concert is Saturday, October 22.",1,0,0
159,When is the funeral of Queen Elizabeth II?,"['September 19', 'Sep 19', 'Sep. 19', '19 September', '19 Sep', '19 Sep.', 'Sept 19', 'Sept. 19', '19 Sept', '19 Sept.']",0.2,"The funeral of Queen Elizabeth II took place on September 19, 2022.",1,0,0
160,Where did Queen Elizabeth II's state funeral take place?,['Westminster Abbey'],0.2,Queen Elizabeth II's state funeral took place at Westminster Abbey in London.,1,0,0
161,Who were the top two contestants in the America's Got Talent Season 17 finale?,"['Mayyas', 'Kristy Sellars']",0.2,"The top two contestants in the America's Got Talent Season 17 finale were Mayyas and Kristy Sellars. Mayyas won the season, while Kristy Sellars placed second.",1,0,0
162,When is MotorCity Cage Night XII?,"['November 18', 'Nov 18', 'Nov. 18', '18 November', '18 Nov', '18 Nov.']",0.2,"MotorCity Cage Night XII is on Friday, November 18, 2022.",1,0,0
163,How many people died in the mid-air collision in Boulder County?,"['Three', '3']",0.2,"Three people died in the mid-air collision that occurred in Boulder County, Colorado on September 17, 2022.",1,0,0
164,Who is Italy's first female prime minister?,['Giorgia Meloni'],0.2,Italy's first female prime minister is Giorgia Meloni.,1,0,0
165,What caused Ben Davies to be unavailable for Wales in the upcoming Nations League matches?,"['Knee', 'injury']",0.2,Ben Davies was unavailable for Wales in the upcoming Nations League matches due to a small leg fracture he sustained during Tottenham's Champions League defeat by Sporting Lisbon. This injury is expected to keep him out for around three weeks.,1,0,0
166,Who won the WNBA Finals 2022?,['Aces'],0.2,"The Las Vegas Aces won the WNBA Finals 2022, defeating the Connecticut Sun in a best-of-five series with a score of three games to one.",1,0,0
167,When did the Golden Globe Awards 2023 take place?,"['January 10', 'Jan 10', 'Jan. 10', '10 January', '10 Jan', '10 Jan.']",0.2,"The Golden Globe Awards 2023 took place on January 10, 2023.",1,0,0
168,What is the release date of the Pixel Watch?,"['October 13', 'Oct 13', 'Oct. 13', '13 October', '13 Oct', '13 Oct.']",0.2,"The Google Pixel Watch was released on October 13, 2022.",1,0,0
169,Who was honored with a Lifetime Professional Achievement Award at the Seton Hall's Center for Sports Media Gala?,['Robin Roberts'],0.2,Robin Roberts was honored with a Lifetime Professional Achievement Award at the Seton Hall's Center for Sports Media Gala.,1,0,0
170,Who performed at the Super Bowl LVII Halftime Show?,['Rihanna'],0.2,Rihanna performed at the Super Bowl LVII Halftime Show.,1,0,0
171,when did Shinzo Abe die?,"['July 8 2022', 'Jul 8, 2022', 'Jul. 8, 2022', 'July 8, 2022', '8 July 2022', '8 Jul, 2022', '8 Jul., 2022', '8 July, 2022']",0.2,"Shinzo Abe died on July 8, 2022, after being shot during a campaign speech in western Japan.",1,0,0
172,who killed Shinzo Abe?,['Tetsuya Yamagami'],0.2,Tetsuya Yamagami killed Shinzo Abe.,1,0,0
173,when was the State funeral of Shinzo Abe,"['September 27 2022', 'Sep 27, 2022', 'Sep. 27, 2022', 'September 27, 2022', '27 September 2022', '27 Sep, 2022', '27 Sep., 2022', '27 September, 2022', 'Sept 27, 2022', 'Sept. 27, 2022', '27 Sept, 2022', '27 Sept., 2022']",0.2,"The state funeral of Shinzo Abe took place on Tuesday, September 27, 2022, in Tokyo.",1,0,0
174,What is the title of House of the Dragon's sixth episode?,['The Princess and the Queen'],0.2,"The title of House of the Dragon's sixth episode is ""The Princess and the Queen"".",1,0,0
175,Who has acquired Times Square Grand Slam?,['EVO Entertainment Group'],0.2,"Times Square Grand Slam has been acquired by EVO Entertainment Group, an Austin-based entertainment group.",1,0,0
176,When is the premiere date of Derry Girls Season 3?,"['October 7', 'Oct 7', 'Oct. 7', '7 October', '7 Oct', '7 Oct.']",0.2,"The premiere date of Derry Girls Season 3 is October 7. This information is consistent across multiple documents, including Doc 2, Doc 3, Doc 4, and Doc 5.",1,0,0
177,Who was awarded the 2022 Nobel Prize for Physiology and Medicine?,"['Svante Pääbo', 'Svante Paabo']",0.2,The 2022 Nobel Prize in Physiology or Medicine was awarded to Svante Pääbo.,1,0,0
178,who was awarded the 2022 nobel prize in literature?,['Annie Ernaux'],0.2,Annie Ernaux was awarded the 2022 Nobel Prize in Literature.,1,0,0
179,Who is the new CEO of Fox Entertainment?,['Rob Wade'],0.2,The new CEO of Fox Entertainment is Rob Wade.,1,0,0
180,Who won the Japanese Grand Prix 2022?,['Max Verstappen'],0.2,Max Verstappen won the Japanese Grand Prix 2022.,1,0,0
181,who played Adrianna Tomaz in Black Adam?,['Sarah Shahi'],0.2,"According to the documents provided, Sarah Shahi played the role of Adrianna Tomaz in the film Black Adam.",1,0,0
182,Who stars as Dr. Ben Seong in the Quantum Leap revival?,['Raymond Lee'],0.2,"According to the documents, Raymond Lee stars as Dr. Ben Seong in the Quantum Leap revival.",1,0,0
183,What is the price of RTX 4090 GPU?,"['$1599', '$1,599']",0.2,"The price of the RTX 4090 GPU is $1,599.",1,0,0
184,What is the release date of Sweetwater?,"['April 14 2023', 'Apr 14, 2023', 'Apr. 14, 2023', 'April 14, 2023', '14 April 2023', '14 Apr, 2023', '14 Apr., 2023', '14 April, 2023']",0.2,"The release date of Sweetwater is Friday, April 14, 2023, for a Nationwide release. Additionally, it was released on DVD & Blu-ray on Tuesday, June 13, 2023.",1,0,0
185,When did the Google Pixel Watch start sell?,"['October 13', 'Oct 13', 'Oct. 13', '13 October', '13 Oct', '13 Oct.']",0.2,"The Google Pixel Watch started selling on October 13, 2022, in the United States. It became available for pre-orders on the same day the official announcement was made.",1,0,0
186,Who is the recipient of the 2022 Tom Hanks Caregiver Champion Award?,['Savannah Guthrie'],0.2,The recipient of the 2022 Tom Hanks Caregiver Champion Award is Savannah Guthrie.,1,0,0
187,Who is the president of the Prospect Park Alliance?,['Morgan Monaco'],0.2,The president of the Prospect Park Alliance is Morgan Monaco.,1,0,0
188,What gaming software development studio did Riot Games acquire?,['Wargaming Sydney'],0.2,"Riot Games acquired Wargaming Sydney, a gaming software development studio.",1,0,0
189,Who is the new CEO of Yahoo?,['Jim Lanzone'],0.2,"The new CEO of Yahoo is Jim Lanzone, who was previously the CEO of Tinder.",1,0,0
190,What is the subscriber growth of Netflix in Q3 2022?,['2.41 million'],0.2,"The subscriber growth of Netflix in Q3 2022 was 2.41 million global subscribers, bringing its total to 223.09 million. This growth represents a +4.5 percent increase over the prior year’s comparable quarter.",1,0,0
191,"What is the title of Chicago P.D. Season 10, Episode 4?",['Dónde Vives'],0.2,"The title of Chicago P.D. Season 10, Episode 4 is ""Dónde Vives"".",1,0,0
192,How much does the YouTube Premium family plan cost now?,['22.99 per month'],0.2,The YouTube Premium family plan now costs $22.99 per month.,1,0,0
193,What is the release date of God of War Ragnarok?,"['November 9', 'Nov 9', 'Nov. 9', '9 November', '9 Nov', '9 Nov.']",0.2,"The release date of God of War Ragnarok is November 9, 2022.",1,0,0
194,Who voices Batman in Batwheels?,['Ethan Hawke'],0.2,Ethan Hawke voices Batman in Batwheels.,1,0,0
195,Who is the new prime minister of the United Kingdom?,['Rishi Sunak'],0.2,"The new prime minister of the United Kingdom is Rishi Sunak. He won the Conservative Party leadership contest and became the prime minister on 25 October 2022, succeeding Liz Truss.",1,0,0
196,when did rishi sunak became prime minister of uk?,"['October 25 2022', 'Oct 25, 2022', 'Oct. 25, 2022', 'October 25, 2022', '25 October 2022', '25 Oct, 2022', '25 Oct., 2022', '25 October, 2022']",0.2,"Rishi Sunak became prime minister of the UK on October 25, 2022.",1,0,0
197,How much does the Netflix Basic with Ads subscription cost?,['6.99'],0.2,The Netflix Basic with Ads subscription costs $6.99 per month.,1,0,0
198,When does season 5 of The Crown premiere?,"['November 9', 'Nov 9', 'Nov. 9', '9 November', '9 Nov', '9 Nov.']",0.2,"Season 5 of The Crown premieres on November 9, 2022.",1,0,0
199,Where does The White Lotus Season 2 take place,['Sicily'],0.2,"The White Lotus Season 2 takes place in Sicily, specifically in the San Domenico Palace, which is a luxury resort in the Four Seasons group. The filming locations include Taormina, Palermo, Noto, and the neighboring Ionian Sea.",1,0,0
200,Who won the Arizona Senatorial Election 2022?,['Mark Kelly'],0.2,"Mark Kelly won the Arizona Senatorial Election 2022. He was re-elected, defeating Republican nominee Blake Masters by a comfortable margin.",1,0,0
201,which party controls the house after 2022 midterm elections?,['Republican '],0.2,"The Republican Party controls the House of Representatives after the 2022 midterm elections, securing a narrow majority.",1,0,0
202,Who won the U.S. Senate race in Nevada in the 2022 midterm elections?,['Catherine Cortez Masto'],0.2,"Catherine Cortez Masto, a Democrat, won the U.S. Senate race in Nevada in the 2022 midterm elections. This is confirmed across multiple documents, including Doc 1, Doc 2, Doc 3, and Doc 4.",1,0,0
203,Who directed Lullaby?,['John R. Leonetti'],0.2,John R. Leonetti directed Lullaby.,1,0,0
204,Who is the Doctor's new companion in Doctor Who?,['Millie Gibson'],0.2,"The Doctor's new companion in Doctor Who is Ruby Sunday, played by Millie Gibson.",1,0,0
205,Who designed Naomi Biden's wedding dress?,['Ralph Lauren'],0.2,Naomi Biden's wedding dress was designed by Ralph Lauren.,1,0,0
206,What grouping is France in World Cup 2022?,['Group D'],0.2,France is in Group D of the 2022 FIFA World Cup.,1,0,0
207,What grouping is U.S. in World Cup 2022?,['Group B'],0.2,"According to the documents, the U.S. Men's national soccer team is in Group B for the 2022 World Cup in Qatar.",1,0,0
208,What grouping is Argentina in World Cup 2022?,['Group C'],0.2,Argentina is in Group C of the 2022 FIFA World Cup.,1,0,0
209,"What is the title of the new season of ""Criminal Minds""?",['Evolution'],0.2,"The title of the new season of ""Criminal Minds"" is ""Criminal Minds: Evolution"".",1,0,0
210,Who is Nebraska's new head football coach?,['Matt Rhule'],0.2,Nebraska's new head football coach is Matt Rhule.,1,0,0
211,Who is the TikTok text-to-speech voice?,['Kat Callaghan'],0.2,"The TikTok text-to-speech voice is Kat Callaghan, a radio host and voice over artist from Canada. She hosts The Beat on 91.5 FM in Ontario.",1,0,0
212,What is Merriam-Webster's 2022 Word of the Year?,['gaslighting'],0.2,"Merriam-Webster's 2022 Word of the Year is ""gaslighting.""",1,0,0
213,Where is SM Entertainment setting up its Southeast Asian headquarters?,['Singapore'],0.2,SM Entertainment is setting up its Southeast Asian headquarters in Singapore.,1,0,0
214,What was the unemployment rate in November 2022?,['3.7%'],0.2,"The unemployment rate in November 2022 was 3.7% when seasonally adjusted, according to the documents. Unseasonally adjusted, it was 3.4%.",1,0,0
215,Who did the USA play in the round of 16 at 2022 FIFA World Cup?,['Netherlands'],0.2,"According to the documents, the USA played the Netherlands in the Round of 16 at the 2022 FIFA World Cup.",1,0,0
216,Who is Argentina's semi opponent?,['Croatia'],0.2,"According to the documents, Argentina's semi-final opponent was Croatia. This is evident from the sentence: ""Argentina moved to the finals after defeating Croatia 3 - 0 in the World Cup semifinal knockout match on Tuesday.""",1,0,0
217,Who won the election in Georgia?,['Brian Kemp'],0.2,"Brian Kemp won the election in Georgia, defeating Democratic nominee Stacey Abrams in a rematch.",1,0,0
218,"Who is starring Barbie in the movie ""Barbie""?",['Margot Robbie'],0.2,"Margot Robbie is starring as Barbie in the movie ""Barbie"".",1,0,0
219,Who is the captain of the USA soccer team in the FIFA Men's World Cup 2022?,['Tyler Adams'],0.2,"The captain of the USA soccer team in the FIFA Men's World Cup 2022 is Tyler Adams. This information is supported by multiple documents including Doc 1, Doc 2, Doc 3, Doc 4, and Doc 5.",1,0,0
220,"Which company won Yahoo Finance's 2022 ""Company of the Year"" Award?",['Costco'],0.2,"Costco won Yahoo Finance's 2022 ""Company of the Year"" Award.",1,0,0
221,How much money will President Joe Biden put into the union pension plan?,['36 billion'],0.2,President Joe Biden will put $36 billion into the union pension plan.,1,0,0
222,Who won the Maxwell Award 2022 in college football?,['Caleb Williams'],0.2,Caleb Williams from USC won the Maxwell Award in 2022 according to the documents provided.,1,0,0
223,Who is Africa's first World Cup semi-finalists,['Morocco'],0.2,"Africa's first World Cup semi-finalists are Morocco. They achieved this milestone by defeating Portugal in the quarter-finals of the 2022 FIFA World Cup, becoming both the Arab world and Africa's first-ever semi-finalists.",1,0,0
224,Who is the 2022 CNN Hero of the Year?,['Nelly Cheboi'],0.2,The 2022 CNN Hero of the Year is Nelly Cheboi.,1,0,0
225,When is the championship game of the Patriot League Men’s Lacrosse Championship 2023?,"['May 7', 'May 7', 'May. 7', '7 May', '7 May', '7 May.']",0.2,"The championship game of the Patriot League Men’s Lacrosse Championship 2023 took place on Sunday, May 7, at noon on Nickerson Field.",1,0,0
226,Who will be receiving the Mark Twain Prize for American Humor in 2023?,['Adam Sandler'],0.2,Adam Sandler will be receiving the Mark Twain Prize for American Humor in 2023.,1,0,0
227,Who is the new president of the NCAA?,['Charlie Baker'],0.2,"The new president of the NCAA is Charlie Baker. He officially assumed the duties as the NCAA's sixth president on March 1, 2023.",1,0,0
228,who is the ceo of twitter?,['Linda Yaccarino'],0.2,"According to the documents, Linda Yaccarino is the CEO of Twitter. This information is directly stated in multiple documents, including Doc 2, Doc 4, and Doc 5, which all mention that Linda Yaccarino has taken over the CEO role from Elon Musk.",1,0,0
229,Who is the CEO of Yuga Labs?,['Daniel Alegre'],0.2,"The CEO of Yuga Labs is Daniel Alegre. He was named the new CEO after Nicole Muniz, succeeding her in this role.",1,0,0
230,How much did Avatar: The Way of Water earn in its debut weekend at U.S.?,['134 million'],0.2,Avatar: The Way of Water earned $134 million in its debut weekend at U.S. theaters.,1,0,0
231,When was the Final Fantasy Pixel Remaster Series be released on Nintendo Switch?,"['April 19 2023', 'Apr 19, 2023', 'Apr. 19, 2023', 'April 19, 2023', '19 April 2023', '19 Apr, 2023', '19 Apr., 2023', '19 April, 2023']",0.2,"The Final Fantasy Pixel Remaster Series was released on Nintendo Switch on April 19, 2023.",1,0,0
232,What movie won the Oscar for Best Animated Film in 2023?,"[""Guillermo del Toro's Pinocchio""]",0.2,"According to the documents, ""Guillermo del Toro's Pinocchio"" won the Oscar for Best Animated Film in 2023.",1,0,0
233,Who discovered asteroid 2022 YG?,['Gennadiy Borisov'],0.2,Asteroid 2022 YG was discovered by amateur astronomer Gennadiy Borisov.,1,0,0
234,Which team won the Peach Bowl 2022?,['Georgia'],0.2,"According to the documents, Georgia won the Peach Bowl 2022 with a score of 42-41 against Ohio State.",1,0,0
235,Which team won the 2023 Desert Hockey Classic?,['Michigan Tech'],0.2,Michigan Tech won the 2023 Desert Hockey Classic according to the documents.,1,0,0
236,What is the price of Microsoft 365 Basic per month?,['$1.99'],0.2,The price of Microsoft 365 Basic per month is $1.99.,1,0,0
237,When did Calvin Edgar Fox pass away?,"['January 18 2023', 'Jan 18, 2023', 'Jan. 18, 2023', 'January 18, 2023', '18 January 2023', '18 Jan, 2023', '18 Jan., 2023', '18 January, 2023']",0.2,"Calvin Edgar Fox passed away on January 18, 2023.",1,0,0
238,When will Rebel Moon be released on Netflix?,"['December 22', 'Dec 22', 'Dec. 22', '22 December', '22 Dec', '22 Dec.']",0.2,"Rebel Moon will be released on Netflix on December 22, 2023.",1,0,0
239,When does Scream VI release?,"['March 10', 'Mar 10', 'Mar. 10', '10 March', '10 Mar', '10 Mar.']",0.2,"Scream VI was released on March 10, 2023.",1,0,0
240,What was the annual GDP growth rate of the U.S. economy in 2022?,['2.1'],0.2,"The annual GDP growth rate of the U.S. economy in 2022 was 2.1 percent. This information is consistently provided across multiple documents (Doc 1, Doc 3, and Doc 4).",1,0,0
241,Who will be playing the role of Billy Batson in Shazam! Fury of the Gods?,['Zachary Levi'],0.2,"In Shazam! Fury of the Gods, Zachary Levi will be playing the role of Billy Batson.",1,0,0
242,Who was the runner-up of the 2022 World Cup?,['France'],0.2,"Based on the information provided in the documents, France was the runner-up of the 2022 World Cup. This can be inferred from the fact that Argentina defeated France in the penalty shootout to win the championship, making France the runner-up.",1,0,0
243,When is the congressional hearing for TikTok CEO Shou Zi Chew?,"['March 23', 'Mar 23', 'Mar. 23', '23 March', '23 Mar', '23 Mar.']",0.2,"The congressional hearing for TikTok CEO Shou Zi Chew took place on March 23, 2023. This date is mentioned in multiple documents, including Doc 1, Doc 4, and Doc 5.",1,0,0
244,When will the final season of The Blacklist premiere?,"['February 26', 'Feb 26', 'Feb. 26', '26 February', '26 Feb', '26 Feb.']",0.2,"The final season of The Blacklist will premiere on February 26, 2023, on NBC.",1,0,0
245,What is the title of the AI-generated episode of Seinfeld?,"['Nothing, Forever']",0.2,"The title of the AI-generated episode of Seinfeld is ""Nothing, Forever.""",1,0,0
246,What is the voucher amount per student in the Students First Act?,"['7,598', '7598']",0.2,"The voucher amount per student in the Students First Act is $7,598.",1,0,0
247,Who won the Best R&B Album at the 2023 Grammys?,['Robert Glasper'],0.2,"According to the documents, Robert Glasper won the Best R&B Album at the 2023 Grammys for his album 'Black Radio III'.",1,0,0
248,What is Google's new AI chatbot called?,['Bard'],0.2,Google's new AI chatbot is called Bard.,1,0,0
249,who founded midjourney?,['David Holz'],0.2,David Holz founded Midjourney. He is also mentioned to be the co-founder of Leap Motion.,1,0,0
250,What technology has Microsoft incorporated into the new Bing?,['GPT'],0.2,"Microsoft has incorporated technology from OpenAI's GPT-4 model into the new Bing, providing a ChatGPT-like conversational experience within the search engine. Specifically, the new Bing uses an upgraded version of GPT 3.5, which Microsoft refers to as the ""Prometheus Model."" This model is designed to be more powerful than GPT 3.5 and better equipped to answer search queries with up-to-date information and annotated answers.",1,0,0
251,Who is the new CEO of Pinterest?,['Bill Ready'],0.2,The new CEO of Pinterest is Bill Ready.,1,0,0
252,What is the release date for Pikmin 4 on Nintendo Switch?,"['July 21', 'Jul 21', 'Jul. 21', '21 July', '21 Jul', '21 Jul.']",0.2,"The release date for Pikmin 4 on Nintendo Switch is Friday, July 21, 2023.",1,0,0
253,How many employees did Meta lay off in November?,"['11,000', '11000']",0.2,"According to the documents, Meta laid off more than 11,000 employees in November.",1,0,0
254,What company acquired iRobot?,['Amazon'],0.2,Amazon acquired iRobot.,1,0,0
255,Which team won Super Bowl LVII?,['Kansas City Chiefs'],0.2,The Kansas City Chiefs won Super Bowl LVII by defeating the Philadelphia Eagles with a score of 38-35.,1,0,0
256,How much did SM Entertainment's revenue grow in 2022?,['18.7%'],0.2,SM Entertainment's revenue grew 18.7% in 2022.,1,0,0
257,who trained LLaMA?,['Meta'],0.2,"Based on the information provided in the documents, LLaMA was trained by Meta AI. Specifically, Doc 4 states that ""Four model sizes were trained: 7, 13, 33 and 65 billion parameters,"" and Doc 5 mentions that ""Llama 2 foundation models developed by Meta are available for customers through Amazon SageMaker JumpStart."" Additionally, Doc 5 provides more details about Llama 2, stating it includes pre-trained and fine-tuned generative text models ranging in scale from 7 billion to 70 billion parameters, and that these models use supervised fine-tuning (SFT) and reinforcement learning with human feedback (RLHF) for alignment.",1,0,0
258,Which movie won Best Picture at the 95th Academy Awards Ceremony?,['Everything Everywhere All at Once'],0.2,Everything Everywhere All at Once won Best Picture at the 95th Academy Awards Ceremony.,1,0,0
259,Who won Best Director at the 95th Academy Awards Ceremony?,"['Daniel Scheinert', 'Daniel Kwan']",0.2,"Daniel Kwan and Daniel Scheinert won the Best Director award at the 95th Academy Awards Ceremony for their film ""Everything Everywhere All Once.""",1,0,0
260,Who won Best Actor at the 95th Academy Awards Ceremony?,['Brendan Fraser'],0.2,"Brendan Fraser won Best Actor at the 95th Academy Awards Ceremony for his performance in ""The Whale.""",1,0,0
261,Who won Best Actress at the 95th Academy Awards Ceremony?,['Michelle Yeoh'],0.2,"Michelle Yeoh won Best Actress at the 95th Academy Awards Ceremony for her role in ""Everything Everywhere All At Once"".",1,0,0
262,Which movie won Best International Feature Film at the 95th Academy Awards Ceremony?,['All Quiet on the Western Front'],0.2,All Quiet on the Western Front won the Best International Feature Film at the 95th Academy Awards Ceremony.,1,0,0
263,How much is the new monthly price for YouTube TV?,['$72.99'],0.2,The new monthly price for YouTube TV is $72.99.,1,0,0
264,Who won The Voice Season 23?,['Gina Miles'],0.2,"Gina Miles won The Voice Season 23. This information is directly stated in multiple documents, including Doc 1, Doc 2, and Doc 5.",1,0,0
265,Who is the CEO of Hasbro?,['Chris Cocks'],0.2,"The CEO of Hasbro is Chris Cocks. He became CEO on February 25, 2022, succeeding Brian Goldner.",1,0,0
266,Which network received the most nominations for the 2023 Sports Emmy Awards?,['ESPN'],0.2,"According to the documents, ESPN received the most nominations for the 2023 Sports Emmy Awards with 59 nominations.",1,0,0
267,Who is the Chairman of NBCUniversal Telemundo Enterprises?,['Beau Ferrari'],0.2,The Chairman of NBCUniversal Telemundo Enterprises is Beau Ferrari.,1,0,0
268,What is the name of Elon Musk's new AI company?,"['X.AI', 'xAI']",0.2,The name of Elon Musk's new AI company is X.AI Corp.,1,0,0
269,Who won the Virginia Tech spring game 2023?,['maroon'],0.2,The Maroon team won the Virginia Tech spring game in 2023 with a final score of 34-0.,1,0,0
270,Who was named the 2023 National Teacher of the Year?,['Rebecka Peterson'],0.2,"Rebecka Peterson was named the 2023 National Teacher of the Year. She is a math teacher at Union High School in Tulsa, Oklahoma.",1,0,0
271,When does the 2023 Douglas County Fair & Rodeo start?,"['July 28', 'Jul 28', 'Jul. 28', '28 July', '28 Jul', '28 Jul.']",0.2,"The 2023 Douglas County Fair & Rodeo starts on July 28, 2023.",1,0,0
272,Where are Apple's first two stores in India?,"['Mumbai', 'New Delhi']",0.2,"Apple's first two stores in India are located in Mumbai and Delhi. Specifically, the Apple store in Mumbai is called Apple BKC, situated in the Bandra Kurla Complex (BKC), and the one in Delhi is called Apple Saket.",1,0,0
273,where is 2023 CAA World Congress of Sports?,['JW Marriott Los Angeles'],0.2,The 2023 CAA World Congress of Sports will be held at the JW Marriott Los Angeles L.A. LIVE in Los Angeles.,1,0,0
274,What was Sundar Pichai's total compensation in 2022?,['226 million'],0.2,Sundar Pichai's total compensation in 2022 was valued at $226 million.,1,0,0
275,When is the Google I/O conference 2023?,"['May 10', 'May 10', 'May. 10', '10 May', '10 May', '10 May.']",0.2,"The Google I/O conference 2023 was held on May 10, 2023.",1,0,0
276,Who is the lead actress in Prima Facie?,['Jodie Comer'],0.2,"The lead actress in Prima Facie is Jodie Comer. She portrays the character Tessa, a criminal defense lawyer who experiences sexual assault and changes her perception of the legal system.",1,0,0
277,What is the name of the AI dating tool Coyne Lloyd used?,['Rizz'],0.2,The AI dating tool Coyne Lloyd used is called Rizz.,1,0,0
278,Who is the new sporting director of U.S. Soccer?,['Matt Crocker'],0.2,The new sporting director of U.S. Soccer is Matt Crocker.,1,0,0
279,Which team won the 2023 Big 12 Championships in women's golf?,['Oklahoma State'],0.2,"According to the documents, Oklahoma State won the 2023 Big 12 Championships in women's golf. This information is supported by multiple documents including Doc 1, Doc 3, and Doc 5.",1,0,0
280,Who is the main character in Jedi: Survivor?,['Cal Kestis'],0.2,The main character in Star Wars Jedi: Survivor is Cal Kestis.,1,0,0
281,"Who is the director of ""Polite Society""?",['Nida Manzoor'],0.2,"The director of ""Polite Society"" is Nida Manzoor.",1,0,0
282,When did Grand Crew Season 2 end?,"['April 28', 'Apr 28', 'Apr. 28', '28 April', '28 Apr', '28 Apr.']",0.2,"Grand Crew Season 2 ended on April 28, 2023, with the airing of its final two episodes on NBC.",1,0,0
283,Who hosted the 2023 White House Correspondents' Dinner?,['Roy Wood Jr.'],0.2,"According to the documents, Roy Wood Jr. hosted the 2023 White House Correspondents' Dinner. This information is consistent across multiple documents including Doc 1, Doc 2, Doc 3, and Doc 4.",1,0,0
284,Which city will host The World Games 2025?,['Chengdu'],0.2,"The city that will host The World Games 2025 is Chengdu, located in the People's Republic of China.",1,0,0
285,Who is the new CEO of TCW Group?,['Katie Koch'],0.2,The new CEO of TCW Group is Katie Koch.,1,0,0
286,When was Pixel Fold announced?,"['May 10', 'May 10', 'May. 10', '10 May', '10 May', '10 May.']",0.2,"The Pixel Fold was announced on May 10, 2023.",1,0,0
287,What is the name of Google's foldable smartphone?,['Pixel Fold'],0.2,Google's foldable smartphone is named the Pixel Fold.,1,0,0
288,How many jobs were created in April 2023?,"['253,000', '253000']",0.2,"According to the documents, 253,000 jobs were created in April 2023. This information is consistent across multiple sources including the Bureau of Labor Statistics reports and other news articles summarizing the job growth for that month.",1,0,0
289,When is the end date for the federal PHE for COVID-19?,"['May 11', 'May 11', 'May. 11', '11 May', '11 May', '11 May.']",0.2,"The end date for the federal PHE for COVID-19 is May 11, 2023.",1,0,0
290,What is the name of Microsoft's ai assistant in office?,['Copilot'],0.2,Microsoft's AI assistant in Office is called Copilot.,1,0,0
291,What is the name of Google's AI image editing tool?,['Magic Editor'],0.2,Google's AI image editing tool is called Magic Editor.,1,0,0
292,when is chatgpt app for ios launched?,"['May 18', 'May 18', 'May. 18', '18 May', '18 May', '18 May.']",0.2,"The ChatGPT app for iOS was launched on May 18, 2023.",1,0,0
293,What is the date of the 2023 NBA Draft?,"['June 22', 'Jun 22', 'Jun. 22', '22 June', '22 Jun', '22 Jun.']",0.2,"The date of the 2023 NBA Draft is June 22, 2023.",1,0,0
294,What is the price of the Apple Vision Pro headset?,"['$3,499', '$3499']",0.2,"The price of the Apple Vision Pro headset is $3,499.",1,0,0
295,What is the name of Apple's headset?,['Vision Pro'],0.2,The name of Apple's headset is Vision Pro.,1,0,0
296,Who is the CEO of Maven?,['Kate Ryder'],0.2,The CEO of Maven is Kate Ryder.,1,0,0
297,Who won the U.S. Open golf tournament 2023?,['Wyndham Clark'],0.2,"Wyndham Clark won the U.S. Open golf tournament in 2023. This information is clearly stated in multiple documents, including Doc 1 and Doc 5.",1,0,0
298,What is the start date of Prime Day 2023?,"['July 11', 'Jul 11', 'Jul. 11', '11 July', '11 Jul', '11 Jul.']",0.2,The start date of Prime Day 2023 is July 11.,1,0,0
299,Who was the MVP of Super Bowl 2022?,['Cooper Kupp'],0.2,"The MVP of Super Bowl LVI (which corresponds to Super Bowl 2022) was Cooper Kupp from the Los Angeles Rams. This information is explicitly stated in multiple documents provided, such as Doc 1, Doc 3, and Doc 5.",1,0,0
